<?xml version="1.0" encoding="UTF-8"?>
<colors>
	<color name="primary_background">FF283BA8</color>
	<color name="secondary_background">334F4F9E</color>
	<color name="primary_content_panel_bg">FF354CCF</color>
	<color name="dialog_tint">E60E1337</color>
	<color name="background">FF000000</color>
	<color name="bg_image">FF909090</color>
	<color name="bg_overlay">30FFFFFF</color>
	<color name="black">FF000000</color>
	<color name="white">FFF0F0F0</color>
	<color name="grey">FFA0A0A0</color>
	<color name="blue">FF7ACAFE</color>
	<color name="red">FFCE4421</color>
	<color name="button_focus">FF448AFF</color>
	<color name="button_focus2">B3448AFF</color>
	<color name="text_shadow">22000000</color>
	<color name="border_alpha">60FFFFFF</color>
	<color name="disabled">40FFFFFF</color>
	<color name="selected">FF5BE5EE</color>
	<color name="invalid">FFFF0000</color>
</colors>