<?xml version="1.0" encoding="UTF-8"?>
<window id="1112">
	<defaultcontrol always="true">100</defaultcontrol>
	<include>Animation_DialogPopupOpenClose</include>
	<depth>DepthDialog+</depth>
	<controls>
		<control type="group">
			<height>400</height>
			<centertop>50%</centertop>
			<centerleft>50%</centerleft>
			<width>915</width>
			<include content="DialogBackgroundCommons">
				<param name="width" value="915" />
				<param name="height" value="380" />
				<param name="header_label" value="fentastic.miki Customization" />
				<param name="header_id" value="1" />
			</include>
			<control type="textbox" id="9">
				<left>30</left>
				<top>100</top>
				<width>855</width>
				<height>165</height>
				<label>Navigate to skin settings to set movie/tvshow main menu items and widgets</label>
				<autoscroll time="3000" delay="4000" repeat="5000">true</autoscroll>
			</control>
			<control type="button" id="100">
				<left>300</left>
				<top>250</top>
				<width>300</width>
				<height>100</height>
				<label>OK</label>
				<font>font25_title</font>
				<textoffsetx>20</textoffsetx>
				<onclick>Skin.Setbool(firsttimerun)</onclick>
				<onclick>back</onclick>
				<onclick>RunScript(script.fentastic.miki.helper,mode=remake_all_widgets)</onclick>
				<align>center</align>
				<texturefocus border="40" colordiffuse="button_focus">buttons/dialogbutton-fo.png</texturefocus>
				<texturenofocus border="40" colordiffuse="button_focus2">buttons/dialogbutton-nofo.png</texturenofocus>
			</control>
		</control>
	</controls>
</window>
