<?xml version="1.0" encoding="UTF-8"?>
<includes>

	<include name="WidgetListPosterCustom">
		<param name="onclick_condition">false</param>
		<param name="visible">true</param>
		<definition>
			<include content="CategoryLabel">
				<param name="visible">$PARAM[visible]</param>
				<!--<param name="label">[CAPITALIZE]$INFO[Container($PARAM[list_id]).ListItem.Property(widget)][/CAPITALIZE]$PARAM[widget_header]</param-->
				<param name="label">$PARAM[widget_header]</param>
				<param name="list_id" value="$PARAM[list_id]"/>
			</include>
			<include content="BusyListSpinner">
				<param name="list_id" value="$PARAM[list_id]"/>
				<param name="posy" value="200"/>
			</include>
			<control type="fixedlist" id="$PARAM[list_id]">
				<nested />
				<top>115</top>
				<onright>$PARAM[list_id]</onright>
				<orientation>horizontal</orientation>
				<focusposition>0</focusposition>
				<movement>3</movement>
				<visible>$PARAM[visible]</visible>
				<visible>Integer.IsGreater(Container($PARAM[list_id]).NumItems,0) | Container($PARAM[list_id]).IsUpdating</visible>
				<height>503</height>
				<onclick condition="$PARAM[onclick_condition]">$PARAM[onclick_action]</onclick>
				<include content="WidgetListCommon">
					<param name="list_id" value="$PARAM[list_id]"/>
				</include>
				<itemlayout width="310" height="486">
					<control type="group">
						<left>68</left>
						<top>10</top>
						<include content="InfoPosterLayout">
							<param name="focused" value="false" />
						</include>
					</control>
				</itemlayout>
				<focusedlayout width="310" height="486">
					<control type="group">
						<depth>DepthContentPopout</depth>
						<left>68</left>
						<top>10</top>
						<animation type="Focus">
							<effect type="zoom" start="100" end="110" time="200" tween="sine" easing="inout" center="230,130" />
						</animation>
						<animation type="Unfocus">
							<effect type="zoom" start="110" end="100" time="200" tween="sine" easing="inout" center="230,130" />
						</animation>
						<include content="InfoPosterLayout">
							<param name="focused" value="true" />
							<param name="list_id" value="$PARAM[list_id]" />
						</include>
					</control>
				</focusedlayout>
				<content sortby="$PARAM[sortby]" sortorder="$PARAM[sortorder]" target="$PARAM[widget_target]" limit="$INFO[Skin.String(WidgetLimitMain)]">$PARAM[content_path]</content>
			</control>
		</definition>
	</include>

	<include name="WidgetListPosterCustomStacked">
		<definition>
			<include content="CategoryLabelWidget">
				<param name="label">$PARAM[widget_header]</param>
				<param name="list_id" value="$PARAM[list_id]" />
			</include>
			<include content="BusyListSpinnerWidget">
				<param name="list_id" value="$PARAM[list_id]" />
			</include>
			<control type="fixedlist" id="$PARAM[list_id]">
				<top>115</top>
				<onright>$PARAM[list_id]</onright>
				<orientation>horizontal</orientation>
				<focusposition>0</focusposition>
				<movement>3</movement>
				<height>503</height>
				<include content="WidgetListCommonStacked">
					<param name="list_id" value="$PARAM[list_id]" />
				</include>
				<itemlayout width="310" height="486">
					<control type="group">
						<left>68</left>
						<top>10</top>
						<include content="InfoPosterLayout">
							<param name="focused" value="false" />
						</include>
					</control>
				</itemlayout>
				<focusedlayout width="310" height="486">
					<control type="group">
						<depth>DepthContentPopout</depth>
						<left>68</left>
						<top>10</top>
						<animation type="Focus">
							<effect type="zoom" start="100" end="110" time="200" tween="sine" easing="inout" center="230,130" />
						</animation>
						<animation type="Unfocus">
							<effect type="zoom" start="110" end="100" time="200" tween="sine" easing="inout" center="230,130" />
						</animation>
						<include content="InfoPosterLayout">
							<param name="focused" value="true" />
							<param name="list_id" value="$PARAM[list_id]" />
						</include>
					</control>
				</focusedlayout>
				<content sortby="$PARAM[sortby]" sortorder="$PARAM[sortorder]" limit="$PARAM[limit]" target="$PARAM[widget_target]">$PARAM[content_path]</content>
			</control>
		</definition>
	</include>

	<include name="WidgetListLandscapeCustom">
		<param name="onclick_condition">false</param>
		<definition>
			<include content="CategoryLabel">
				<!--<param name="label">[CAPITALIZE]$INFO[Container($PARAM[list_id]).ListItem.Property(widget)][/CAPITALIZE]$PARAM[widget_header]</param-->
				<param name="label">$PARAM[widget_header]</param>
				<param name="list_id" value="$PARAM[list_id]"/>
			</include>
			<include content="BusyListSpinner">
				<param name="list_id" value="$PARAM[list_id]"/>
				<param name="posy" value="200"/>
			</include>
			<control type="fixedlist" id="$PARAM[list_id]">
				<top>130</top>
				<onright>$PARAM[list_id]</onright>
				<orientation>horizontal</orientation>
				<focusposition>0</focusposition>
				<movement>0</movement>
				<visible>Integer.IsGreater(Container($PARAM[list_id]).NumItems,0) | Container($PARAM[list_id]).IsUpdating</visible>
				<height>503</height>
				<onclick condition="$PARAM[onclick_condition]">$PARAM[onclick_action]</onclick>
				<include content="WidgetListCommon">
					<param name="list_id" value="$PARAM[list_id]"/>
				</include>
				<itemlayout width="730" height="486">
					<control type="group">
						<left>68</left>
						<top>10</top>
						<include content="InfoLandscapeLayout">
							<param name="focused" value="false" />
						</include>
					</control>
				</itemlayout>
				<focusedlayout width="730" height="486">
					<control type="group">
						<depth>DepthContentPopout</depth>
						<left>68</left>
						<top>10</top>
						<animation type="Focus">
							<effect type="zoom" start="100" end="110" time="200" tween="sine" easing="inout" center="435,200" />
						</animation>
						<animation type="Unfocus">
							<effect type="zoom" start="110" end="100" time="200" tween="sine" easing="inout" center="435,200" />
						</animation>
						<include content="InfoLandscapeLayout">
							<param name="focused" value="true" />
							<param name="list_id" value="$PARAM[list_id]" />
						</include>
					</control>
				</focusedlayout>
				<content sortby="$PARAM[sortby]" sortorder="$PARAM[sortorder]" target="$PARAM[widget_target]" limit="$INFO[Skin.String(WidgetLimitMain)]">$PARAM[content_path]</content>
			</control>
		</definition>
	</include>

	<include name="WidgetListLandscapeCustomStacked">
		<definition>
			<include content="CategoryLabelWidget">
				<param name="label">$PARAM[widget_header]</param>
				<param name="list_id" value="$PARAM[list_id]" />
			</include>
			<include content="BusyListSpinnerWidget">
				<param name="list_id" value="$PARAM[list_id]" />
			</include>
			<control type="fixedlist" id="$PARAM[list_id]">
				<top>130</top>
				<onright>$PARAM[list_id]</onright>
				<orientation>horizontal</orientation>
				<focusposition>0</focusposition>
				<movement>0</movement>
				<height>503</height>
				<include content="WidgetListCommonStacked">
					<param name="list_id" value="$PARAM[list_id]" />
				</include>
				<itemlayout width="730" height="486">
					<control type="group">
						<left>68</left>
						<top>10</top>
						<include content="InfoLandscapeLayout">
							<param name="focused" value="false" />
						</include>
					</control>
				</itemlayout>
				<focusedlayout width="730" height="486">
					<control type="group">
						<depth>DepthContentPopout</depth>
						<left>68</left>
						<top>10</top>
						<animation type="Focus">
							<effect type="zoom" start="100" end="110" time="200" tween="sine" easing="inout" center="435,200" />
						</animation>
						<animation type="Unfocus">
							<effect type="zoom" start="110" end="100" time="200" tween="sine" easing="inout" center="435,200" />
						</animation>
						<include content="InfoLandscapeLayout">
							<param name="focused" value="true" />
							<param name="list_id" value="$PARAM[list_id]" />
						</include>
					</control>
				</focusedlayout>
				<content sortby="$PARAM[sortby]" sortorder="$PARAM[sortorder]" limit="$PARAM[limit]" target="$PARAM[widget_target]">$PARAM[content_path]</content>
			</control>
		</definition>
	</include>

	<include name="WidgetListSmallLandscapeCustom">
		<param name="onclick_condition">false</param>
		<definition>
			<include content="CategoryLabel">
				<!--<param name="label">[CAPITALIZE]$INFO[Container($PARAM[list_id]).ListItem.Property(widget)][/CAPITALIZE]$PARAM[widget_header]</param-->
				<param name="label">$PARAM[widget_header]</param>
				<param name="list_id" value="$PARAM[list_id]"/>
			</include>
			<include content="BusyListSpinner">
				<param name="list_id" value="$PARAM[list_id]"/>
				<param name="posy" value="200"/>
			</include>
			<control type="fixedlist" id="$PARAM[list_id]">
				<top>130</top>
				<onright>$PARAM[list_id]</onright>
				<orientation>horizontal</orientation>
				<focusposition>0</focusposition>
				<movement>3</movement>
				<visible>Integer.IsGreater(Container($PARAM[list_id]).NumItems,0) | Container($PARAM[list_id]).IsUpdating</visible>
				<height>312</height>
				<onclick condition="$PARAM[onclick_condition]">$PARAM[onclick_action]</onclick>
				<include content="WidgetListCommon">
					<param name="list_id" value="$PARAM[list_id]"/>
				</include>
				<itemlayout width="337" height="347">
					<control type="group">
						<left>68</left>
						<top>10</top>
						<include content="InfoSmallLandscapeLayout">
							<param name="focused" value="false" />
						</include>
					</control>
				</itemlayout>
				<focusedlayout width="337" height="347">
					<control type="group">
						<depth>DepthContentPopout</depth>
						<left>68</left>
						<top>10</top>
						<animation type="Focus">
							<effect type="zoom" start="100" end="110" time="200" tween="sine" easing="inout" center="240,130" />
						</animation>
						<animation type="Unfocus">
							<effect type="zoom" start="110" end="100" time="200" tween="sine" easing="inout" center="240,130" />
						</animation>
						<include content="InfoSmallLandscapeLayout">
							<param name="focused" value="true" />
							<param name="list_id" value="$PARAM[list_id]" />
						</include>
					</control>
				</focusedlayout>
				<content sortby="$PARAM[sortby]" sortorder="$PARAM[sortorder]" target="$PARAM[widget_target]" limit="$INFO[Skin.String(WidgetLimitMain)]">$PARAM[content_path]</content>
			</control>
		</definition>
	</include>

	<include name="WidgetListSmallLandscapeCustomStacked">
		<definition>
			<include content="CategoryLabelWidget">
				<param name="label">$PARAM[widget_header]</param>
				<param name="list_id" value="$PARAM[list_id]" />
			</include>
			<include content="BusyListSpinnerWidget">
				<param name="list_id" value="$PARAM[list_id]" />
			</include>
			<control type="fixedlist" id="$PARAM[list_id]">
				<top>130</top>
				<onright>$PARAM[list_id]</onright>
				<orientation>horizontal</orientation>
				<focusposition>0</focusposition>
				<movement>3</movement>
				<height>312</height>
				<include content="WidgetListCommonStacked">
					<param name="list_id" value="$PARAM[list_id]" />
				</include>
				<itemlayout width="337" height="347">
					<control type="group">
						<left>68</left>
						<top>10</top>
						<include content="InfoSmallLandscapeLayout">
							<param name="focused" value="false" />
						</include>
					</control>
				</itemlayout>
				<focusedlayout width="337" height="347">
					<control type="group">
						<depth>DepthContentPopout</depth>
						<left>68</left>
						<top>10</top>
						<animation type="Focus">
							<effect type="zoom" start="100" end="110" time="200" tween="sine" easing="inout" center="240,130" />
						</animation>
						<animation type="Unfocus">
							<effect type="zoom" start="110" end="100" time="200" tween="sine" easing="inout" center="240,130" />
						</animation>
						<include content="InfoSmallLandscapeLayout">
							<param name="focused" value="true" />
							<param name="list_id" value="$PARAM[list_id]" />
						</include>
					</control>
				</focusedlayout>
				<content sortby="$PARAM[sortby]" sortorder="$PARAM[sortorder]" limit="$PARAM[limit]" target="$PARAM[widget_target]">$PARAM[content_path]</content>
			</control>
		</definition>
	</include>

	<include name="WidgetListPosterLandscapeCustom">
		<param name="onclick_condition">false</param>
		<definition>
			<include content="CategoryLabel">
				<!--<param name="label">[CAPITALIZE]$INFO[Container($PARAM[list_id]).ListItem.Property(widget)][/CAPITALIZE]$PARAM[widget_header]</param-->
				<param name="label">$PARAM[widget_header]</param>
				<param name="list_id" value="$PARAM[list_id]"/>
			</include>
			<include content="BusyListSpinner">
				<param name="list_id" value="$PARAM[list_id]"/>
				<param name="posy" value="200"/>
			</include>
			<control type="fixedlist" id="$PARAM[list_id]">
				<top>130</top>
				<onright>$PARAM[list_id]</onright>
				<orientation>horizontal</orientation>
				<focusposition>0</focusposition>
				<movement>2</movement>
				<visible>Integer.IsGreater(Container($PARAM[list_id]).NumItems,0) | Container($PARAM[list_id]).IsUpdating</visible>
				<height>503</height>
				<onclick condition="$PARAM[onclick_condition]">$PARAM[onclick_action]</onclick>
				<include content="WidgetListCommon">
					<param name="list_id" value="$PARAM[list_id]"/>
				</include>
				<itemlayout width="310" height="486">
					<control type="group">
						<left>68</left>
						<top>10</top>
						<include content="InfoPosterLayout">
							<param name="focused" value="false" />
						</include>
					</control>
				</itemlayout>
				<focusedlayout width="730" height="486">
					<control type="group">
						<depth>DepthContentPopout</depth>
						<left>68</left>
						<top>10</top>
						<animation type="Focus">
							<effect type="zoom" start="100" end="110" time="200" tween="sine" easing="inout" center="435,200" />
						</animation>
						<include content="InfoLandscapeLayout">
							<param name="focused" value="true" />
							<param name="list_id" value="$PARAM[list_id]" />
						</include>
					</control>
				</focusedlayout>
				<content sortby="$PARAM[sortby]" sortorder="$PARAM[sortorder]" target="$PARAM[widget_target]" limit="$INFO[Skin.String(WidgetLimitMain)]">$PARAM[content_path]</content>
			</control>
		</definition>
	</include>

	<include name="WidgetListPosterLandscapeCustomStacked">
		<definition>
			<include content="CategoryLabelWidget">
				<param name="label">$PARAM[widget_header]</param>
				<param name="list_id" value="$PARAM[list_id]" />
			</include>
			<include content="BusyListSpinnerWidget">
				<param name="list_id" value="$PARAM[list_id]" />
			</include>
			<control type="fixedlist" id="$PARAM[list_id]">
				<top>130</top>
				<onright>$PARAM[list_id]</onright>
				<orientation>horizontal</orientation>
				<focusposition>0</focusposition>
				<movement>3</movement>
				<height>503</height>
				<include content="WidgetListCommonStacked">
					<param name="list_id" value="$PARAM[list_id]" />
				</include>
				<itemlayout width="310" height="486">
					<control type="group">
						<left>68</left>
						<top>10</top>
						<include content="InfoPosterLayout">
							<param name="focused" value="false" />
						</include>
					</control>
				</itemlayout>
				<focusedlayout width="730" height="486">
					<control type="group">
						<depth>DepthContentPopout</depth>
						<left>68</left>
						<top>10</top>
						<animation type="Focus">
							<effect type="zoom" start="100" end="110" time="200" tween="sine" easing="inout" center="435,200" />
						</animation>
						<include content="InfoLandscapeLayout">
							<param name="focused" value="true" />
							<param name="list_id" value="$PARAM[list_id]" />
						</include>
					</control>
				</focusedlayout>
				<content sortby="$PARAM[sortby]" sortorder="$PARAM[sortorder]" limit="$PARAM[limit]" target="$PARAM[widget_target]">$PARAM[content_path]</content>
			</control>
		</definition>
	</include>

	<include name="WidgetListCategoryCustom">
		<param name="item_limit">20</param>
		<param name="icon">$INFO[ListItem.Icon]</param>
		<param name="icon_height">120</param>
		<param name="additional_movie_items">false</param>
		<param name="additional_tvshow_items">false</param>
		<param name="visible">true</param>
		<definition>
			<include content="CategoryLabel">
				<!--<param name="label">[CAPITALIZE]$INFO[Container($PARAM[list_id]).ListItem.Property(widget)][/CAPITALIZE]$PARAM[widget_header]</param-->
				<param name="label">$PARAM[widget_header]</param>
				<param name="list_id" value="$PARAM[list_id]"/>
				<param name="visible" value="$PARAM[visible]"/>
			</include>
			<include content="BusyListSpinner">
				<param name="list_id" value="$PARAM[list_id]"/>
				<param name="visible" value="$PARAM[visible]"/>
			</include>
			<control type="fixedlist" id="$PARAM[list_id]">
				<top>110</top>
				<height>290</height>
				<movement>3</movement>
				<include content="WidgetListCommon">
					<param name="list_id" value="$PARAM[list_id]"/>
				</include>
				<visible>$PARAM[visible]</visible>
				<visible>Integer.IsGreater(Container($PARAM[list_id]).NumItems,0) | Container($PARAM[list_id]).IsUpdating</visible>
				<itemlayout width="310" height="340">
					<control type="group">
						<left>70</left>
						<control type="image">
							<width>316</width>
							<height>200</height>
							<texture>dialogs/dialog-bg-nobo.png</texture>
							<bordertexture border="21" infill="false">overlays/shadow.png</bordertexture>
							<bordersize>20</bordersize>
						</control>
						<control type="image">
							<centertop>74</centertop>
							<left>58</left>
							<width>200</width>
							<height>$PARAM[icon_height]</height>
							<texture fallback="DefaultFolder.png">$PARAM[icon]</texture>
							<aspectratio>keep</aspectratio>
						</control>
						<control type="textbox">
							<left>38</left>
							<top>106</top>
							<width>240</width>
							<height>70</height>
							<label>$INFO[ListItem.Label]</label>
							<font>font25_narrow</font>
							<shadowcolor>text_shadow</shadowcolor>
							<align>center</align>
							<aligny>center</aligny>
						</control>
					</control>
				</itemlayout>
				<focusedlayout width="310" height="340">
					<control type="group">
						<depth>DepthContentPopout</depth>
						<left>70</left>
						<animation type="Focus">
							<effect type="zoom" start="100" end="115" time="200" tween="sine" easing="inout" center="228,70" />
						</animation>
						<animation type="Unfocus">
							<effect type="zoom" start="115" end="100" time="200" tween="sine" easing="inout" center="228,70" />
						</animation>
						<control type="image">
							<width>316</width>
							<height>200</height>
							<texture>dialogs/dialog-bg-nobo.png</texture>
							<bordertexture border="21" infill="false">overlays/shadow.png</bordertexture>
							<bordersize>20</bordersize>
						</control>
						<control type="image">
							<width>316</width>
							<height>200</height>
							<texture colordiffuse="button_focus">colors/grey.png</texture>
							<bordersize>20</bordersize>
							<include>Animation_FocusTextureFade</include>
							<visible>Control.HasFocus($PARAM[list_id])</visible>
						</control>
						<control type="image">
							<centertop>74</centertop>
							<left>58</left>
							<width>200</width>
							<height>$PARAM[icon_height]</height>
							<texture fallback="DefaultFolder.png">$PARAM[icon]</texture>
							<aspectratio>keep</aspectratio>
						</control>
						<control type="textbox">
							<left>38</left>
							<top>106</top>
							<width>240</width>
							<height>70</height>
							<label>$INFO[ListItem.Label]</label>
							<font>font25_narrow</font>
							<shadowcolor>text_shadow</shadowcolor>
							<align>center</align>
							<aligny>center</aligny>
						</control>
					</control>
				</focusedlayout>
				<content target="$PARAM[widget_target]" limit="$PARAM[item_limit]">$PARAM[content_path]</content>
				<include condition="$PARAM[additional_movie_items]" content="MovieSubmenuItems" />
				<include condition="$PARAM[additional_tvshow_items]" content="TVShowSubmenuItems" />
			</control>
		</definition>
	</include>

	<include name="WidgetListCategoryStacked">
		<param name="item_limit">20</param>
		<param name="icon">$INFO[ListItem.Icon]</param>
		<param name="icon_height">120</param>
		<param name="additional_movie_items">false</param>
		<param name="additional_tvshow_items">false</param>
		<param name="visible">true</param>
		<definition>
			<include content="CategoryLabel">
				<!--<param name="label">[CAPITALIZE]$INFO[Container($PARAM[list_id]).ListItem.Property(widget)][/CAPITALIZE]$PARAM[widget_header]</param-->
				<param name="label">$PARAM[widget_header]</param>
				<param name="list_id" value="$PARAM[list_id]"/>
				<param name="visible" value="$PARAM[visible]"/>
			</include>
			<include content="BusyListSpinner">
				<param name="list_id" value="$PARAM[list_id]"/>
				<param name="visible" value="$PARAM[visible]"/>
			</include>
			<control type="fixedlist" id="$PARAM[list_id]">
				<top>110</top>
				<height>290</height>
				<movement>4</movement>
				<onfocus>Control.Move($PARAM[list_id],-$INFO[Container($PARAM[list_id]).Position])</onfocus>
				<onfocus>Control.Move($PARAM[list_id],$INFO[Window(home).Property(listposition)])</onfocus>
				<include content="WidgetListCommonStacked">
					<param name="list_id" value="$PARAM[list_id]"/>
				</include>
				<visible>$PARAM[visible]</visible>
				<visible>Integer.IsGreater(Container($PARAM[list_id]).NumItems,0) | Container($PARAM[list_id]).IsUpdating</visible>
				<itemlayout width="310" height="340">
					<control type="group">
						<left>70</left>
						<control type="image">
							<width>316</width>
							<height>200</height>
							<texture>dialogs/dialog-bg-nobo.png</texture>
							<bordertexture border="21" infill="false">overlays/shadow.png</bordertexture>
							<bordersize>20</bordersize>
						</control>
						<control type="image">
							<centertop>74</centertop>
							<left>58</left>
							<width>200</width>
							<height>$PARAM[icon_height]</height>
							<texture fallback="DefaultFolder.png">$PARAM[icon]</texture>
							<aspectratio>keep</aspectratio>
						</control>
						<control type="textbox">
							<left>38</left>
							<top>106</top>
							<width>240</width>
							<height>70</height>
							<label>$INFO[ListItem.Label]</label>
							<font>font25_narrow</font>
							<shadowcolor>text_shadow</shadowcolor>
							<align>center</align>
							<aligny>center</aligny>
						</control>
					</control>
				</itemlayout>
				<focusedlayout width="310" height="340">
					<control type="group">
						<depth>DepthContentPopout</depth>
						<left>70</left>
						<animation type="Focus">
							<effect type="zoom" start="100" end="115" time="200" tween="sine" easing="inout" center="228,70" />
						</animation>
						<animation type="Unfocus">
							<effect type="zoom" start="115" end="100" time="200" tween="sine" easing="inout" center="228,70" />
						</animation>
						<control type="image">
							<width>316</width>
							<height>200</height>
							<texture>dialogs/dialog-bg-nobo.png</texture>
							<bordertexture border="21" infill="false">overlays/shadow.png</bordertexture>
							<bordersize>20</bordersize>
						</control>
						<control type="image">
							<width>316</width>
							<height>200</height>
							<texture colordiffuse="button_focus">colors/grey.png</texture>
							<bordersize>20</bordersize>
							<include>Animation_FocusTextureFade</include>
							<visible>Control.HasFocus($PARAM[list_id])</visible>
						</control>
						<control type="image">
							<centertop>74</centertop>
							<left>58</left>
							<width>200</width>
							<height>$PARAM[icon_height]</height>
							<texture fallback="DefaultFolder.png">$PARAM[icon]</texture>
							<aspectratio>keep</aspectratio>
						</control>
						<control type="textbox">
							<left>38</left>
							<top>106</top>
							<width>240</width>
							<height>70</height>
							<label>$INFO[ListItem.Label]</label>
							<font>font25_narrow</font>
							<shadowcolor>text_shadow</shadowcolor>
							<align>center</align>
							<aligny>center</aligny>
						</control>
					</control>
				</focusedlayout>
				<content target="$PARAM[widget_target]" limit="$PARAM[item_limit]">$PARAM[content_path]</content>
				<include condition="$PARAM[additional_movie_items]" content="MovieSubmenuItems" />
				<include condition="$PARAM[additional_tvshow_items]" content="TVShowSubmenuItems" />
			</control>
		</definition>
	</include>

	<include name="WidgetListEpisodesCustom">
		<param name="onclick_condition">false</param>
		<definition>
			<include content="CategoryLabel">
				<!--<param name="label">[CAPITALIZE]$INFO[Container($PARAM[list_id]).ListItem.Property(widget)][/CAPITALIZE]$PARAM[widget_header]</param-->
				<param name="label">$PARAM[widget_header]</param>
				<param name="list_id" value="$PARAM[list_id]"/>
			</include>
			<include content="BusyListSpinner">
				<param name="list_id" value="$PARAM[list_id]"/>
				<param name="posy" value="200"/>
			</include>
			<control type="fixedlist" id="$PARAM[list_id]">
				<top>105</top>
				<onright>$PARAM[list_id]</onright>
				<orientation>horizontal</orientation>
				<focusposition>0</focusposition>
				<movement>5</movement>
				<visible>Integer.IsGreater(Container($PARAM[list_id]).NumItems,0) | Container($PARAM[list_id]).IsUpdating</visible>
				<height>410</height>
				<onclick condition="$PARAM[onclick_condition]">$PARAM[onclick_action]</onclick>
				<include content="WidgetListCommon">
					<param name="list_id" value="$PARAM[list_id]"/>
				</include>
				<itemlayout width="310" height="500">
					<control type="group">
						<left>70</left>
						<top>5</top>
						<include content="InfoEpisodeLayout">
							<param name="main_label" value="$PARAM[main_label]" />
							<param name="sub_label" value="$PARAM[sub_label]" />
							<param name="thumb_label" value="$PARAM[thumb_label]" />
							<param name="focused" value="false" />
						</include>
					</control>
				</itemlayout>
				<focusedlayout width="310" height="500">
					<control type="group">
						<depth>DepthContentPopout</depth>
						<left>70</left>
						<top>5</top>
						<animation type="Focus">
							<effect type="zoom" start="100" end="112" time="200" tween="sine" easing="inout" center="230,120" />
						</animation>
						<animation type="Unfocus">
							<effect type="zoom" start="112" end="100" time="200" tween="sine" easing="inout" center="230,120" />
						</animation>
						<include content="InfoEpisodeLayout">
							<param name="main_label" value="$PARAM[main_label]" />
							<param name="sub_label" value="$PARAM[sub_label]" />
							<param name="thumb_label" value="$PARAM[thumb_label]" />
							<param name="focused" value="true" />
							<param name="list_id" value="$PARAM[list_id]" />
						</include>
					</control>
				</focusedlayout>
				<content sortby="$PARAM[sortby]" sortorder="$PARAM[sortorder]" target="$PARAM[widget_target]" limit="$INFO[Skin.String(WidgetLimitMain)]">$PARAM[content_path]</content>
			</control>
		</definition>
	</include>

	<include name="WidgetListEpisodesCustomStacked">
		<definition>
			<include content="CategoryLabelWidget">
				<param name="label">$PARAM[widget_header]</param>
				<param name="list_id" value="$PARAM[list_id]" />
			</include>
			<include content="BusyListSpinnerWidget">
				<param name="list_id" value="$PARAM[list_id]" />
			</include>
			<control type="fixedlist" id="$PARAM[list_id]">
				<top>130</top>
				<onright>$PARAM[list_id]</onright>
				<orientation>horizontal</orientation>
				<focusposition>0</focusposition>
				<movement>3</movement>
				<height>410</height>
				<include content="WidgetListCommonStacked">
					<param name="list_id" value="$PARAM[list_id]" />
				</include>
				<itemlayout width="310" height="500">
					<control type="group">
						<left>70</left>
						<top>5</top>
						<include content="InfoEpisodeLayout">
							<param name="main_label" value="$PARAM[main_label]" />
							<param name="sub_label" value="$PARAM[sub_label]" />
							<param name="thumb_label" value="$PARAM[thumb_label]" />
							<param name="focused" value="false" />
						</include>
					</control>
				</itemlayout>
				<focusedlayout width="310" height="500">
					<control type="group">
						<depth>DepthContentPopout</depth>
						<left>70</left>
						<top>5</top>
						<animation type="Focus">
							<effect type="zoom" start="100" end="112" time="200" tween="sine" easing="inout" center="230,120" />
						</animation>
						<animation type="Unfocus">
							<effect type="zoom" start="112" end="100" time="200" tween="sine" easing="inout" center="230,120" />
						</animation>
						<include content="InfoEpisodeLayout">
							<param name="main_label" value="$PARAM[main_label]" />
							<param name="sub_label" value="$PARAM[sub_label]" />
							<param name="thumb_label" value="$PARAM[thumb_label]" />
							<param name="focused" value="true" />
							<param name="list_id" value="$PARAM[list_id]" />
						</include>
					</control>
				</focusedlayout>
				<content sortby="$PARAM[sortby]" sortorder="$PARAM[sortorder]" limit="$PARAM[limit]" target="$PARAM[widget_target]">$PARAM[content_path]</content>
			</control>
		</definition>
	</include>

	<include name="WidgetListSquareCustom">
		<param name="onclick_condition">false</param>
		<definition>
			<include content="CategoryLabel">
				<!--<param name="label">[CAPITALIZE]$INFO[Container($PARAM[list_id]).ListItem.Property(widget)][/CAPITALIZE]$PARAM[widget_header]</param-->
				<param name="label">$PARAM[widget_header]</param>
				<param name="list_id" value="$PARAM[list_id]"/>
			</include>
			<include content="BusyListSpinner">
				<param name="list_id" value="$PARAM[list_id]"/>
				<param name="posy" value="200"/>
			</include>
			<control type="fixedlist" id="$PARAM[list_id]">
				<top>130</top>
				<onright>$PARAM[list_id]</onright>
				<orientation>horizontal</orientation>
				<focusposition>0</focusposition>
				<movement>5</movement>
				<visible>Integer.IsGreater(Container($PARAM[list_id]).NumItems,0) | Container($PARAM[list_id]).IsUpdating</visible>
				<height>419</height>
				<onclick condition="$PARAM[onclick_condition]">$PARAM[onclick_action]</onclick>
				<include content="WidgetListCommon">
					<param name="list_id" value="$PARAM[list_id]"/>
				</include>
				<itemlayout width="310" height="310">
					<control type="group">
						<left>68</left>
						<top>10</top>
						<include content="InfoSquareCustomLayout">
							<param name="focused" value="false" />
						</include>
					</control>
				</itemlayout>
				<focusedlayout width="310" height="310">
					<control type="group">
						<depth>DepthContentPopout</depth>
						<left>68</left>
						<top>10</top>
						<animation type="Focus">
							<effect type="zoom" start="100" end="110" time="200" tween="sine" easing="inout" center="240,158" />
						</animation>
						<animation type="Unfocus">
							<effect type="zoom" start="110" end="100" time="200" tween="sine" easing="inout" center="240,158" />
						</animation>
						<include content="InfoSquareCustomLayout">
							<param name="focused" value="true" />
							<param name="list_id" value="$PARAM[list_id]" />
						</include>
					</control>
				</focusedlayout>
				<content sortby="$PARAM[sortby]" sortorder="$PARAM[sortorder]" target="$PARAM[widget_target]" limit="$INFO[Skin.String(WidgetLimitMain)]">$PARAM[content_path]</content>
			</control>
		</definition>
	</include>

	<include name="WidgetListSquareCustomStacked">
		<definition>
			<include content="CategoryLabelWidget">
				<param name="label">$PARAM[widget_header]</param>
				<param name="list_id" value="$PARAM[list_id]" />
			</include>
			<include content="BusyListSpinnerWidget">
				<param name="list_id" value="$PARAM[list_id]" />
			</include>
			<control type="fixedlist" id="$PARAM[list_id]">
				<top>130</top>
				<onright>$PARAM[list_id]</onright>
				<orientation>horizontal</orientation>
				<focusposition>0</focusposition>
				<movement>3</movement>
				<height>419</height>
				<include content="WidgetListCommonStacked">
					<param name="list_id" value="$PARAM[list_id]" />
				</include>
				<itemlayout width="310" height="310">
					<control type="group">
						<left>68</left>
						<top>10</top>
						<include content="InfoSquareCustomLayout">
							<param name="focused" value="false" />
						</include>
					</control>
				</itemlayout>
				<focusedlayout width="310" height="310">
					<control type="group">
						<depth>DepthContentPopout</depth>
						<left>68</left>
						<top>10</top>
						<animation type="Focus">
							<effect type="zoom" start="100" end="110" time="200" tween="sine" easing="inout" center="240,158" />
						</animation>
						<animation type="Unfocus">
							<effect type="zoom" start="110" end="100" time="200" tween="sine" easing="inout" center="240,158" />
						</animation>
						<include content="InfoSquareCustomLayout">
							<param name="focused" value="true" />
							<param name="list_id" value="$PARAM[list_id]" />
						</include>
					</control>
				</focusedlayout>
				<content sortby="$PARAM[sortby]" sortorder="$PARAM[sortorder]" limit="$PARAM[limit]" target="$PARAM[widget_target]">$PARAM[content_path]</content>
			</control>
		</definition>
	</include>
</includes>