<?xml version="1.0" encoding="UTF-8" standalone="yes"?>
<addon id="script.fentastic.miki.helper" name="FENtastic Miki Helper" version="0.6.14" provider-name="Tikipeter, Ivar Brandt, Mikifp">
    <requires>
        <import addon="xbmc.python" version="3.0.0"/>
    </requires>
    <extension point="xbmc.python.library" library="resources/lib/default.py"/>
    <extension point="xbmc.addon.metadata">
        <news />
        <platform>all</platform>
        <license>GPL-2.0-only</license>
        <forum />
        <source />
        <assets>
            <icon>resources/media/icon.png</icon>
            <fanart>resources/media/fanart.jpg</fanart>
        </assets>
        <description lang="en_GB">FENtastic Helper for the FENtastic Skin.</description>
        <description lang="en_NZ">FENtastic Helper for the FENtastic Skin.</description>
        <description lang="en_US">FENtastic Helper for the FENtastic Skin.</description>
    </extension>
</addon>
