<?xml version="1.0" encoding="utf-8"?>
<window type="dialog" id="1119">
	<defaultcontrol always="true">64</defaultcontrol>
	<onunload>ClearProperty(TextViewerHeader,Home)</onunload>
	<onunload>ClearProperty(TextViewerSubHeader,Home)</onunload>
	<onunload>ClearProperty(TextViewerContent,Home)</onunload>
	<onunload>ClearProperty(Changelog,skinsettings)</onunload>
	<include>Animation_DialogPopupOpenClose</include>
	<controls>
		<control type="button" id="64">
			<oninfo>Dialog.Close(1119)</oninfo>
			<onclick>Dialog.Close(1119)</onclick>
			<onleft>Dialog.Close(1119)</onleft>
			<onright>Dialog.Close(1119)</onright>
			<onup condition="String.IsEmpty(Window(skinsettings).Property(Changelog))">PageUp(61)</onup>
			<ondown condition="String.IsEmpty(Window(skinsettings).Property(Changelog))">PageDown(61)</ondown>
			<onup condition="!String.IsEmpty(Window(skinsettings).Property(Changelog))">PageUp(62)</onup>
			<ondown condition="!String.IsEmpty(Window(skinsettings).Property(Changelog))">PageDown(62)</ondown>
			<include>HiddenObject</include>
		</control>
		<control type="group">
			<left>13%</left>
			<centertop>45%</centertop>
			<height>870</height>
			<include content="DialogBackgroundCommons">
				<param name="width" value="84%" />
				<param name="height" value="975" />
				<param name="header_label" value="$INFO[Window(home).Property(TextViewer_Header)]" />
				<param name="header_id" value="1" />
			</include>
			<control type="label">
				<left>1%</left>
					<top>10</top>
					<width>82%</width>
					<height>675</height>
					<shadowcolor>black</shadowcolor>
					<font>font37</font>
				<label>$INFO[Window(Home).Property(TextViewerHeader)]</label>
			</control>
			<control type="label">
				<left>1%</left>
					<top>85</top>
					<width>82%</width>
					<height>675</height>
					<shadowcolor>black</shadowcolor>
					<font>font37</font>
				<label>$INFO[Window(Home).Property(TextViewerSubHeader)]</label>
			</control>
			<control type="textbox">
				<left>1%</left>
					<top>85</top>
					<width>82%</width>
					<height>675</height>
					<shadowcolor>black</shadowcolor>
					<pagecontrol>61</pagecontrol>
					<font>font37</font>
				<label>$INFO[Window(Home).Property(TextViewerContent)]</label>
				<visible>String.IsEmpty(Window(skinsettings).Property(Changelog))</visible>
			</control>
			<control type="textbox">
				<left>2%</left>
				<top>105</top>
				<width>79%</width>
				<height>820</height>
				<shadowcolor>black</shadowcolor>
				<pagecontrol>62</pagecontrol>
				<font>font37</font>
				<include>Changelog</include>
				<visible>!String.IsEmpty(Window(skinsettings).Property(Changelog))</visible>
				<autoscroll delay="10000" time="3000" repeat="10000">Skin.HasSetting(autoscroll)</autoscroll>
			</control>
			<control type="scrollbar" id="61">
				<left>1390</left>
				<top>70</top>
				<bottom>-104</bottom>
				<width>13</width>
				<ondown>61</ondown>
				<onup>61</onup>
				<texturesliderbackground />
				<visible>String.IsEmpty(Window(skinsettings).Property(Changelog))</visible>
			</control>
			<control type="scrollbar" id="62">
				<left>1390</left>
				<top>70</top>
				<bottom>-104</bottom>
				<width>13</width>
				<ondown>61</ondown>
				<onup>61</onup>
				<texturesliderbackground />
				<visible>!String.IsEmpty(Window(skinsettings).Property(Changelog))</visible>
			</control>
		</control>
	</controls>
</window>
