<?xml version="1.0" encoding="UTF-8"?>
<window>
	<defaultcontrol>9000</defaultcontrol>
	<backgroundcolor>background</backgroundcolor>
	<onload condition="String.IsEmpty(Skin.String(background_overlay))">Skin.SetString(background_overlay,1)</onload>
	<controls>
		<include>DefaultBackground</include>
		<control type="multiimage">
			<depth>DepthBackground</depth>
			<include>FullScreenDimensions</include>
			<aspectratio>scale</aspectratio>
			<fadetime>600</fadetime>
			<animation effect="zoom" center="auto" end="102,102" time="0" condition="Integer.IsGreater(System.StereoscopicMode,0)">conditional</animation>
			<animation effect="fade" start="0" end="100" time="400">WindowOpen</animation>
			<animation effect="fade" start="100" end="0" time="300">WindowClose</animation>
			<animation effect="fade" time="400">VisibleChange</animation>
			<imagepath background="true" colordiffuse="bg_overlay">$INFO[Skin.String(HomeFanart.path)]settings$INFO[Skin.String(HomeFanart.ext)]</imagepath>
			<visible>!Player.HasMedia + !String.IsEmpty(Skin.String(HomeFanart.path))</visible>
		</control>
		<control type="group" id="10000">
			<left>470</left>
			<include>OpenClose_Right</include>
			<control type="grouplist" id="610">
				<top>133</top>
				<left>0</left>
				<right>0</right>
				<bottom>140</bottom>
				<onleft>9000</onleft>
				<onright>60</onright>
				<onup>610</onup>
				<pagecontrol>60</pagecontrol>
				<ondown>610</ondown>
				<visible>Container(9000).HasFocus(1)</visible>
				<control type="button" id="624">
					<label>Remake menus and widgets</label>
					<include>DefaultSettingButton</include>
					<onclick>RunScript(script.fentastic.helper.miki,mode=remake_all_cpaths)</onclick>
				</control>
				<!-- MOVIES -->
				<control type="radiobutton" id="6240">
					<label>$INFO[Skin.String(MenuMovieLabel)]</label>
					<include>DefaultSettingButton</include>
					<selected>!Skin.HasSetting(HomeMenuNoMoviesButton)</selected>
					<onclick>Skin.ToggleSetting(HomeMenuNoMoviesButton)</onclick>
				</control>
				<control type="button" id="6241">
					<label>   - Set main menu path</label>
					<include>DefaultSettingButton</include>
					<onclick>RunScript(script.fentastic.helper.miki,mode=manage_main_menu_path&amp;cpath_setting=movie.main_menu)</onclick>
					<visible>!Skin.HasSetting(HomeMenuNoMoviesButton)</visible>
				</control>
				<control type="button" id="6242">
					<label>   - Set widgets</label>
					<include>DefaultSettingButton</include>
					<onclick>RunScript(script.fentastic.helper.miki,mode=manage_widgets&amp;cpath_setting=movie.widget)</onclick>
					<visible>!Skin.HasSetting(HomeMenuNoMoviesButton)</visible>
				</control>
				<!-- <control type="radiobutton" id="6243">
					<label>   - $LOCALIZE[31008]</label>
					<include>DefaultSettingButton</include>
					<selected>!Skin.HasSetting(HomeMenuNoMoviesCategories)</selected>
					<onclick>Skin.ToggleSetting(HomeMenuNoMoviesCategories)</onclick>
					<visible>!Skin.HasSetting(HomeMenuNoMoviesButton)</visible>
				</control> -->
				<!-- TV SHOWS -->
				<control type="radiobutton" id="625">
					<label>$INFO[Skin.String(MenuTVShowLabel)]</label>
					<include>DefaultSettingButton</include>
					<selected>!Skin.HasSetting(HomeMenuNoTVShowsButton)</selected>
					<onclick>Skin.ToggleSetting(HomeMenuNoTVShowsButton)</onclick>
				</control>
				<control type="button" id="6250">
					<label>   - Set main menu path</label>
					<include>DefaultSettingButton</include>
					<onclick>RunScript(script.fentastic.helper.miki,mode=manage_main_menu_path&amp;cpath_setting=tvshow.main_menu)</onclick>
					<visible>!Skin.HasSetting(HomeMenuNoTVShowsButton)</visible>
				</control>
				<control type="button" id="6251">
					<label>   - Set widgets</label>
					<include>DefaultSettingButton</include>
					<onclick>RunScript(script.fentastic.helper.miki,mode=manage_widgets&amp;cpath_setting=tvshow.widget)</onclick>
					<visible>!Skin.HasSetting(HomeMenuNoTVShowsButton)</visible>
				</control>
				<!-- <control type="radiobutton" id="6252">
					<label>   - $LOCALIZE[31008]</label>
					<include>DefaultSettingButton</include>
					<selected>!Skin.HasSetting(HomeMenuNoTVShowsCategories)</selected>
					<onclick>Skin.ToggleSetting(HomeMenuNoTVShowsCategories)</onclick>
					<visible>!Skin.HasSetting(HomeMenuNoTVShowsButton)</visible>
				</control> -->
				<!-- MUSIC -->
				<control type="radiobutton" id="6252">
					<label>$LOCALIZE[31008]</label>
					<include>DefaultSettingButton</include>
					<selected>!Skin.HasSetting(home_no_categories_widget)</selected>
					<onclick>Skin.ToggleSetting(home_no_categories_widget)</onclick>
				</control>
				<control type="radiobutton" id="627">
					<label>$LOCALIZE[2]</label>
					<include>DefaultSettingButton</include>
					<selected>!Skin.HasSetting(HomeMenuNoMusicButton)</selected>
					<onclick>Skin.ToggleSetting(HomeMenuNoMusicButton)</onclick>
				</control>
				<!-- MUSIC VIDEOS -->
				<control type="radiobutton" id="6131">
					<label>$LOCALIZE[20389]</label>
					<include>DefaultSettingButton</include>
					<selected>!Skin.HasSetting(HomeMenuNoMusicVideoButton)</selected>
					<onclick>Skin.ToggleSetting(HomeMenuNoMusicVideoButton)</onclick>
				</control>
				<!-- PVR -->
				<control type="radiobutton" id="626">
					<label>$LOCALIZE[19020]</label>
					<include>DefaultSettingButton</include>
					<selected>!Skin.HasSetting(HomeMenuNoTVButton)</selected>
					<onclick>Skin.ToggleSetting(HomeMenuNoTVButton)</onclick>
				</control>
				<!-- radio -->
				<control type="radiobutton" id="619">
					<label>$LOCALIZE[19021]</label>
					<include>DefaultSettingButton</include>
					<selected>!Skin.HasSetting(HomeMenuNoRadioButton)</selected>
					<onclick>Skin.ToggleSetting(HomeMenuNoRadioButton)</onclick>
				</control>
				<!-- addons -->
				<control type="radiobutton" id="614">
					<label>$LOCALIZE[24001]</label>
					<include>DefaultSettingButton</include>
					<selected>!Skin.HasSetting(HomeMenuNoProgramsButton)</selected>
					<onclick>Skin.ToggleSetting(HomeMenuNoProgramsButton)</onclick>
				</control>
				<!-- pictures -->
				<control type="radiobutton" id="615">
					<label>$LOCALIZE[1]</label>
					<include>DefaultSettingButton</include>
					<selected>!Skin.HasSetting(HomeMenuNoPicturesButton)</selected>
					<onclick>Skin.ToggleSetting(HomeMenuNoPicturesButton)</onclick>
				</control>
				<!-- videos -->
				<control type="radiobutton" id="616">
					<label>$LOCALIZE[3]</label>
					<include>DefaultSettingButton</include>
					<selected>!Skin.HasSetting(HomeMenuNoVideosButton)</selected>
					<onclick>Skin.ToggleSetting(HomeMenuNoVideosButton)</onclick>
				</control>
				<!-- games -->
				<control type="radiobutton" id="620">
					<label>$LOCALIZE[15016]</label>
					<visible>System.GetBool(gamesgeneral.enable)</visible>
					<include>DefaultSettingButton</include>
					<selected>!Skin.HasSetting(HomeMenuNoGamesButton)</selected>
					<onclick>Skin.ToggleSetting(HomeMenuNoGamesButton)</onclick>
				</control>
				<!-- favorites -->
				<control type="radiobutton" id="6160">
					<label>$LOCALIZE[10134]</label>
					<include>DefaultSettingButton</include>
					<selected>!Skin.HasSetting(HomeMenuNoFavButton)</selected>
					<onclick>Skin.ToggleSetting(HomeMenuNoFavButton)</onclick>
				</control>
				<!-- weather -->
				<control type="radiobutton" id="617">
					<label>$LOCALIZE[8]</label>
					<include>DefaultSettingButton</include>
					<selected>!Skin.HasSetting(HomeMenuNoWeatherButton)</selected>
					<onclick>Skin.ToggleSetting(HomeMenuNoWeatherButton)</onclick>
				</control>
			</control>

			<control type="grouplist" id="637">
				<top>133</top>
				<left>0</left>
				<right>0</right>
				<bottom>140</bottom>
				<onleft>9000</onleft>
				<onright>60</onright>
				<onup>637</onup>
				<pagecontrol>60</pagecontrol>
				<ondown>637</ondown>
				<visible>Container(9000).HasFocus(2)</visible>
				<!-- ALTERNATE INFOPANEL -->
				<control type="radiobutton" id="6370">
					<label>Use alternate format for InfoPanel</label>
					<include>DefaultSettingButton</include>
					<onclick>Skin.ToggleSetting(Enable.AlternateInfo)</onclick>
					<selected>Skin.HasSetting(Enable.AlternateInfo)</selected>
				</control>
				<!-- RAINDROP BACKGROUND -->
				<control type="radiobutton" id="6371">
					<label>Show raindrop background</label>
					<include>DefaultSettingButton</include>
					<onclick>Skin.ToggleSetting(HideRainDrops)</onclick>
					<selected>Skin.HasSetting(HideRainDrops)</selected>
				</control>
				<!-- STACKED WIDGET DELAY -->
				<control type="button" id="6372">
					<label>Set stacked widget load delay in milliseconds (1000ms = 1 second)</label>
					<label2>$INFO[Skin.String(category_widget_delay),, milliseconds]</label2>
					<include>DefaultSettingButton</include>
					<onclick>Skin.SetNumeric(category_widget_delay)</onclick>
				</control>
				<!-- COUNTDOWN TIMER -->
				<control type="radiobutton" id="6373">
					<label>Show countdown timer for stacked widget load delay</label>
					<include>DefaultSettingButton</include>
					<selected>Skin.HasSetting(category_widget_display_delay)</selected>
					<onclick>Skin.ToggleSetting(category_widget_display_delay)</onclick>
				</control>
				<!-- SCROLLING TITLES -->
				<control type="radiobutton" id="6374">
					<label>Autoscroll LandscapeInfo widget labels</label>
					<include>DefaultSettingButton</include>
					<selected>Skin.HasSetting(LandscapeInfoScroll)</selected>
					<onclick>Skin.ToggleSetting(LandscapeInfoScroll)</onclick>
				</control>
				<!-- SEARCH OPTIONS -->
				<control type="radiobutton" id="638">
					<label>Enable search results window</label>
					<include>DefaultSettingButton</include>
					<selected>!Skin.HasSetting(NoSearchResultsWindow)</selected>
					<onclick>Skin.ToggleSetting(NoSearchResultsWindow)</onclick>
				</control>
				<control type="button" id="6380">
					<label>Default home screen search icon behavior</label>
					<label2>$VAR[DefaultSearchWindowBehaviorVar]</label2>
					<include>DefaultSettingButton</include>
					<onclick>Skin.ToggleSetting(DefaultSearchWindowBehavior)</onclick>
					<selected>Skin.HasSetting(DefaultSearchWindowBehavior)</selected>
					<visible>!Skin.HasSetting(NoSearchResultsWindow)</visible>
				</control>

				<control type="radiobutton" id="6381">
					<label>   - FEN $LOCALIZE[342]</label>
					<include>DefaultSettingButton</include>
					<onclick>Skin.ToggleSetting(FENMovieResults)</onclick>
					<selected>Skin.HasSetting(FENMovieResults)</selected>
					<visible>!Skin.HasSetting(NoSearchResultsWindow)</visible>
				</control>
				<control type="radiobutton" id="6382">
					<label>   - FEN $LOCALIZE[20343]</label>
					<include>DefaultSettingButton</include>
					<onclick>Skin.ToggleSetting(FENTVShowResults)</onclick>
					<selected>Skin.HasSetting(FENTVShowResults)</selected>
					<visible>!Skin.HasSetting(NoSearchResultsWindow)</visible>
				</control>
				<control type="radiobutton" id="6383">
					<label>   - Collections</label>
					<include>DefaultSettingButton</include>
					<onclick>Skin.ToggleSetting(CollectionsResults)</onclick>
					<selected>Skin.HasSetting(CollectionsResults)</selected>
					<visible>!Skin.HasSetting(NoSearchResultsWindow)</visible>
				</control>
				<control type="radiobutton" id="6384">
					<label>   - Actors/Actresses</label>
					<include>DefaultSettingButton</include>
					<onclick>Skin.ToggleSetting(PeopleResults)</onclick>
					<selected>Skin.HasSetting(PeopleResults)</selected>
					<visible>!Skin.HasSetting(NoSearchResultsWindow)</visible>
				</control>
				<control type="radiobutton" id="6385">
					<label>   - IMDb Keywords (Movies)</label>
					<include>DefaultSettingButton</include>
					<onclick>Skin.ToggleSetting(MovieKeywordResults)</onclick>
					<selected>Skin.HasSetting(MovieKeywordResults)</selected>
					<visible>!Skin.HasSetting(NoSearchResultsWindow)</visible>
				</control>
				<control type="radiobutton" id="6386">
					<label>   - IMDb Keywords (TV Shows)</label>
					<include>DefaultSettingButton</include>
					<onclick>Skin.ToggleSetting(TVShowKeywordResults)</onclick>
					<selected>Skin.HasSetting(TVShowKeywordResults)</selected>
					<visible>!Skin.HasSetting(NoSearchResultsWindow)</visible>
				</control>
				<control type="radiobutton" id="6387">
					<label>   - TRAKT Lists</label>
					<include>DefaultSettingButton</include>
					<onclick>Skin.ToggleSetting(TraktResults)</onclick>
					<selected>Skin.HasSetting(TraktResults)</selected>
					<visible>!Skin.HasSetting(NoSearchResultsWindow)</visible>
				</control>
				<control type="radiobutton" id="6388">
					<label>   - Seren Movies</label>
					<include>DefaultSettingButton</include>
					<onclick>Skin.ToggleSetting(SerenMovieResults)</onclick>
					<selected>Skin.HasSetting(SerenMovieResults)</selected>
					<visible>!Skin.HasSetting(NoSearchResultsWindow)</visible>
				</control>
				<control type="radiobutton" id="6389">
					<label>   - Seren TV Shows</label>
					<include>DefaultSettingButton</include>
					<onclick>Skin.ToggleSetting(SerenTVShowResults)</onclick>
					<selected>Skin.HasSetting(SerenTVShowResults)</selected>
					<visible>!Skin.HasSetting(NoSearchResultsWindow)</visible>
				</control>
				<control type="radiobutton" id="6390">
					<label>   - TMDB Movies</label>
					<include>DefaultSettingButton</include>
					<onclick>Skin.ToggleSetting(TMDBMovieResults)</onclick>
					<selected>Skin.HasSetting(TMDBMovieResults)</selected>
					<visible>!Skin.HasSetting(NoSearchResultsWindow)</visible>
				</control>
				<control type="radiobutton" id="6391">
					<label>   - TMDB TV Shows</label>
					<include>DefaultSettingButton</include>
					<onclick>Skin.ToggleSetting(TMDBTVShowResults)</onclick>
					<selected>Skin.HasSetting(TMDBTVShowResults)</selected>
					<visible>!Skin.HasSetting(NoSearchResultsWindow)</visible>
				</control>
				<control type="radiobutton" id="6392">
					<label>   - Venom Movies</label>
					<include>DefaultSettingButton</include>
					<onclick>Skin.ToggleSetting(VenomMovieResults)</onclick>
					<selected>Skin.HasSetting(VenomMovieResults)</selected>
					<visible>!Skin.HasSetting(NoSearchResultsWindow)</visible>
				</control>
				<control type="radiobutton" id="6393">
					<label>   - Venom TV Shows</label>
					<include>DefaultSettingButton</include>
					<onclick>Skin.ToggleSetting(VenomTVShowResults)</onclick>
					<selected>Skin.HasSetting(VenomTVShowResults)</selected>
					<visible>!Skin.HasSetting(NoSearchResultsWindow)</visible>
				</control>
				<control type="radiobutton" id="6394">
					<label>   - Kaito</label>
					<include>DefaultSettingButton</include>
					<onclick>Skin.ToggleSetting(KaitoResults)</onclick>
					<selected>Skin.HasSetting(KaitoResults)</selected>
					<visible>!Skin.HasSetting(NoSearchResultsWindow)</visible>
				</control>
				<control type="radiobutton" id="6395">
					<label>   - Kodi On Demand</label>
					<include>DefaultSettingButton</include>
					<onclick>Skin.ToggleSetting(KodiODM)</onclick>
					<selected>Skin.HasSetting(KodiODM)</selected>
					<visible>!Skin.HasSetting(NoSearchResultsWindow)</visible>
				</control>
				<control type="radiobutton" id="6396">
					<label>   - Local Libary Movies</label>
					<include>DefaultSettingButton</include>
					<onclick>Skin.ToggleSetting(LibMovieResults)</onclick>
					<selected>Skin.HasSetting(LibMovieResults)</selected>
					<visible>!Skin.HasSetting(NoSearchResultsWindow)</visible>
				</control>
				<control type="radiobutton" id="6397">
					<label>   - Local Libary TV Shows</label>
					<include>DefaultSettingButton</include>
					<onclick>Skin.ToggleSetting(LibTVShowResults)</onclick>
					<selected>Skin.HasSetting(LibTVShowResults)</selected>
					<visible>!Skin.HasSetting(NoSearchResultsWindow)</visible>
				</control>
				<control type="radiobutton" id="6398">
					<label>   - Local Libary Episodes</label>
					<include>DefaultSettingButton</include>
					<onclick>Skin.ToggleSetting(LibEpisodeResults)</onclick>
					<selected>Skin.HasSetting(LibEpisodeResults)</selected>
					<visible>!Skin.HasSetting(NoSearchResultsWindow)</visible>
				</control>
				<control type="radiobutton" id="6499">
					<label>   - Local Libary Genre</label>
					<include>DefaultSettingButton</include>
					<onclick>Skin.ToggleSetting(LibGenreResults)</onclick>
					<selected>Skin.HasSetting(LibGenreResults)</selected>
					<visible>!Skin.HasSetting(NoSearchResultsWindow)</visible>
				</control>
				<control type="radiobutton" id="6400">
					<label>   - Local Libary Year</label>
					<include>DefaultSettingButton</include>
					<onclick>Skin.ToggleSetting(LibYearResults)</onclick>
					<selected>Skin.HasSetting(LibYearResults)</selected>
					<visible>!Skin.HasSetting(NoSearchResultsWindow)</visible>
				</control>
				<control type="radiobutton" id="6401">
					<label>   - Local Libary Studios</label>
					<include>DefaultSettingButton</include>
					<onclick>Skin.ToggleSetting(LibStudioResults)</onclick>
					<selected>Skin.HasSetting(LibStudioResults)</selected>
					<visible>!Skin.HasSetting(NoSearchResultsWindow)</visible>
				</control>
				<control type="radiobutton" id="6402">
					<label>   - Local Libary Country</label>
					<include>DefaultSettingButton</include>
					<onclick>Skin.ToggleSetting(LibCountryResults)</onclick>
					<selected>Skin.HasSetting(LibCountryResults)</selected>
					<visible>!Skin.HasSetting(NoSearchResultsWindow)</visible>
				</control>
				<control type="radiobutton" id="6403">
					<label>   - Local Libary Actors</label>
					<include>DefaultSettingButton</include>
					<onclick>Skin.ToggleSetting(LibActorResults)</onclick>
					<selected>Skin.HasSetting(LibActorResults)</selected>
					<visible>!Skin.HasSetting(NoSearchResultsWindow)</visible>
				</control>
				<control type="radiobutton" id="6404">
					<label>   - Local Libary Directors</label>
					<include>DefaultSettingButton</include>
					<onclick>Skin.ToggleSetting(DirectorResults)</onclick>
					<selected>Skin.HasSetting(DirectorResults)</selected>
					<visible>!Skin.HasSetting(NoSearchResultsWindow)</visible>
				</control>
				<control type="radiobutton" id="6405">
					<label>   - Local Libary Albums</label>
					<include>DefaultSettingButton</include>
					<onclick>Skin.ToggleSetting(AlbumsResults)</onclick>
					<selected>Skin.HasSetting(AlbumsResults)</selected>
					<visible>!Skin.HasSetting(NoSearchResultsWindow)</visible>
				</control>
				<control type="radiobutton" id="6406">
					<label>   - Local Libary Artists</label>
					<include>DefaultSettingButton</include>
					<onclick>Skin.ToggleSetting(ArtistsResults)</onclick>
					<selected>Skin.HasSetting(ArtistsResults)</selected>
					<visible>!Skin.HasSetting(NoSearchResultsWindow)</visible>
				</control>
				<control type="radiobutton" id="6407">
					<label>   - Music Videos</label>
					<include>DefaultSettingButton</include>
					<onclick>Skin.ToggleSetting(MusicVideoResults)</onclick>
					<selected>Skin.HasSetting(MusicVideoResults)</selected>
					<visible>!Skin.HasSetting(NoSearchResultsWindow)</visible>
				</control>
				<control type="radiobutton" id="6408">
					<label>   - Music Video Artists</label>
					<include>DefaultSettingButton</include>
					<onclick>Skin.ToggleSetting(MusicVideoArtistResults)</onclick>
					<selected>Skin.HasSetting(MusicVideoArtistResults)</selected>
					<visible>!Skin.HasSetting(NoSearchResultsWindow)</visible>
				</control>
				<control type="radiobutton" id="6409">
					<label>   - YouTube</label>
					<include>DefaultSettingButton</include>
					<onclick>Skin.ToggleSetting(YouTubeResults)</onclick>
					<selected>Skin.HasSetting(YouTubeResults)</selected>
					<visible>!Skin.HasSetting(NoSearchResultsWindow)</visible>
				</control>
				<control type="radiobutton" id="6410">
					<label>   - Netflix</label>
					<include>DefaultSettingButton</include>
					<onclick>Skin.ToggleSetting(NetflixResults)</onclick>
					<selected>Skin.HasSetting(NetflixResults)</selected>
					<visible>!Skin.HasSetting(NoSearchResultsWindow)</visible>
				</control>
				<control type="radiobutton" id="6411">
					<label>   - Addons</label>
					<include>DefaultSettingButton</include>
					<onclick>Skin.ToggleSetting(AddonResults)</onclick>
					<selected>Skin.HasSetting(AddonResults)</selected>
					<visible>!Skin.HasSetting(NoSearchResultsWindow)</visible>
				</control>
				<control type="radiobutton" id="6412">
					<label>   - Spotify Artists</label>
					<include>DefaultSettingButton</include>
					<onclick>Skin.ToggleSetting(SpotifyArtistResults)</onclick>
					<selected>Skin.HasSetting(SpotifyArtistResults)</selected>
					<visible>!Skin.HasSetting(NoSearchResultsWindow)</visible>
				</control>
				<control type="radiobutton" id="6413">
					<label>   - Spotify Albums</label>
					<include>DefaultSettingButton</include>
					<onclick>Skin.ToggleSetting(SpotifyAlbums)</onclick>
					<selected>Skin.HasSetting(SpotifyAlbums)</selected>
					<visible>!Skin.HasSetting(NoSearchResultsWindow)</visible>
				</control>
				<control type="radiobutton" id="6414">
					<label>   - Spotify Songs</label>
					<include>DefaultSettingButton</include>
					<onclick>Skin.ToggleSetting(SpotifySongResults)</onclick>
					<selected>Skin.HasSetting(SpotifySongResults)</selected>
					<visible>!Skin.HasSetting(NoSearchResultsWindow)</visible>
				</control>
				<control type="radiobutton" id="6415">
					<label>   - Spotify Playlist 1</label>
					<include>DefaultSettingButton</include>
					<onclick>Skin.ToggleSetting(SpotifyPlaylistsResults1)</onclick>
					<selected>Skin.HasSetting(SpotifyPlaylistsResults1)</selected>
					<visible>!Skin.HasSetting(NoSearchResultsWindow)</visible>
				</control>
				<control type="radiobutton" id="6416">
					<label>   - Spotify Playlist 2</label>
					<include>DefaultSettingButton</include>
					<onclick>Skin.ToggleSetting(SpotifyPlaylistsResults2)</onclick>
					<selected>Skin.HasSetting(SpotifyPlaylistsResults2)</selected>
					<visible>!Skin.HasSetting(NoSearchResultsWindow)</visible>
				</control>
			</control>

			<control type="grouplist" id="700">
				<top>133</top>
				<left>0</left>
				<right>0</right>
				<bottom>140</bottom>
				<onleft>9000</onleft>
				<onright>60</onright>
				<onup>700</onup>
				<ondown>700</ondown>
				<visible>Container(9000).HasFocus(3)</visible>
				<control type="radiobutton" id="702">
					<label>$LOCALIZE[31095]</label>
					<include>DefaultSettingButton</include>
					<selected>!Skin.HasSetting(no_slide_animations)</selected>
					<onclick>Skin.ToggleSetting(no_slide_animations)</onclick>
				</control>
				<control type="radiobutton" id="703">
					<label>$LOCALIZE[20189]</label>
					<include>DefaultSettingButton</include>
					<onclick>Skin.ToggleSetting(autoscroll)</onclick>
					<selected>Skin.HasSetting(autoscroll)</selected>
				</control>
				<control type="radiobutton" id="704">
					<label>$LOCALIZE[31158]</label>
					<include>DefaultSettingButton</include>
					<onclick>Skin.ToggleSetting(touchmode)</onclick>
					<selected>Skin.HasSetting(touchmode)</selected>
				</control>
				<control type="radiobutton" id="705">
					<label>$LOCALIZE[31093]</label>
					<include>DefaultSettingButton</include>
					<onclick condition="!String.IsEmpty(Weather.Plugin)">Skin.ToggleSetting(show_weatherinfo)</onclick>
					<onclick condition="String.IsEmpty(Weather.Plugin)">ActivateWindow(servicesettings,weather)</onclick>
					<selected>Skin.HasSetting(show_weatherinfo) + !String.IsEmpty(Weather.Plugin)</selected>
				</control>
				<control type="radiobutton" id="706">
					<label>$LOCALIZE[31160]</label>
					<include>DefaultSettingButton</include>
					<onclick>Skin.ToggleSetting(hide_mediaflags)</onclick>
					<selected>!Skin.HasSetting(hide_mediaflags)</selected>
				</control>
				<control type="button" id="707">
					<label>$LOCALIZE[31024]</label>
					<include>DefaultSettingButton</include>
					<onclick>Skin.SelectBool(31024, 38018|circle_userrating, 563|circle_rating, 16018|circle_none)</onclick>
					<label2>$VAR[RatingSettingLabel2Var]</label2>
				</control>
				<control type="button" id="708">
					<label>$LOCALIZE[31164]</label>
					<include>DefaultSettingButton</include>
					<onclick>Skin.SelectBool(31164, 31165|show_profilename, 31166|show_profileavatar, 16018|show_none)</onclick>
					<label2>$VAR[ProfileIdentificationLabel2Var]</label2>
				</control>
			</control>
			<control type="grouplist" id="600">
				<top>133</top>
				<left>0</left>
				<right>0</right>
				<bottom>140</bottom>
				<onleft>9000</onleft>
				<onright>60</onright>
				<onup>600</onup>
				<ondown>600</ondown>
				<visible>Container(9000).HasFocus(4)</visible>
				<control type="radiobutton" id="605">
					<label>$LOCALIZE[31002]</label>
					<include>DefaultSettingButton</include>
					<onclick>Skin.ToggleSetting(no_fanart)</onclick>
					<selected>!Skin.HasSetting(no_fanart)</selected>
				</control>
				<control type="button" id="607">
					<label>$LOCALIZE[31156]</label>
					<label2>$VAR[BackgroundOverlayTypeVar]</label2>
					<include>DefaultSettingButton</include>
					<onclick condition="String.IsEqual(Skin.String(background_overlay),7)">Skin.SetString(background_overlay,0)</onclick>
					<onclick condition="String.IsEqual(Skin.String(background_overlay),6)">Skin.SetString(background_overlay,7)</onclick>
					<onclick condition="String.IsEqual(Skin.String(background_overlay),5)">Skin.SetString(background_overlay,6)</onclick>
					<onclick condition="String.IsEqual(Skin.String(background_overlay),4)">Skin.SetString(background_overlay,5)</onclick>
					<onclick condition="String.IsEqual(Skin.String(background_overlay),3)">Skin.SetString(background_overlay,4)</onclick>
					<onclick condition="String.IsEqual(Skin.String(background_overlay),2)">Skin.SetString(background_overlay,3)</onclick>
					<onclick condition="String.IsEqual(Skin.String(background_overlay),1)">Skin.SetString(background_overlay,2)</onclick>
					<onclick condition="String.IsEqual(Skin.String(background_overlay),0)">Skin.SetString(background_overlay,1)</onclick>
				</control>
				<control type="button" id="608">
					<label>$LOCALIZE[31131]</label>
					<label2>$INFO[Skin.String(HomeFanart.name)]</label2>
					<include>DefaultSettingButton</include>
					<onclick condition="System.AddonIsEnabled(script.image.resource.select)">RunScript(script.image.resource.select,property=HomeFanart&amp;type=resource.images.skinbackgrounds)</onclick>
					<onclick condition="System.HasAddon(script.image.resource.select) + !System.AddonIsEnabled(script.image.resource.select)">EnableAddon(script.image.resource.select)</onclick>
					<onclick condition="!System.HasAddon(script.image.resource.select)">InstallAddon(script.image.resource.select)</onclick>
					<enable>!Skin.HasSetting(no_fanart)</enable>
				</control>
				<control type="button" id="609">
					<label>$LOCALIZE[31062]</label>
					<label2>$INFO[Skin.String(WeatherFanart.name)]</label2>
					<include>DefaultSettingButton</include>
					<onclick condition="System.AddonIsEnabled(script.image.resource.select)">RunScript(script.image.resource.select,property=WeatherFanart&amp;type=resource.images.weatherfanart)</onclick>
					<onclick condition="System.HasAddon(script.image.resource.select) + !System.AddonIsEnabled(script.image.resource.select)">EnableAddon(script.image.resource.select)</onclick>
					<onclick condition="!System.HasAddon(script.image.resource.select)">InstallAddon(script.image.resource.select)</onclick>
					<enable>!Skin.HasSetting(no_fanart)</enable>
				</control>
				<control type="button" id="6066">
					<label>$LOCALIZE[31149]</label>
					<label2>$INFO[Skin.String(MovieGenreFanart.Name)]</label2>
					<include>DefaultSettingButton</include>
					<onclick condition="System.AddonIsEnabled(script.image.resource.select)">RunScript(script.image.resource.select,property=MovieGenreFanart&amp;type=resource.images.moviegenrefanart)</onclick>
					<onclick condition="System.HasAddon(script.image.resource.select) + !System.AddonIsEnabled(script.image.resource.select)">EnableAddon(script.image.resource.select)</onclick>
					<onclick condition="!System.HasAddon(script.image.resource.select)">InstallAddon(script.image.resource.select)</onclick>
				</control>
				<control type="radiobutton" id="6067">
					<label>$LOCALIZE[31168]</label>
					<include>DefaultSettingButton</include>
					<onclick>Skin.ToggleSetting(show_musicvideoposter)</onclick>
					<selected>Skin.HasSetting(show_musicvideoposter)</selected>
				</control>
			</control>
			
			<control type="grouplist" id="622">
				<top>133</top>
				<left>0</left>
				<right>0</right>
				<bottom>140</bottom>
				<onleft>9000</onleft>
				<onright>60</onright>
				<onup>622</onup>
				<pagecontrol>60</pagecontrol>
				<ondown>622</ondown>
				<visible>Container(9000).HasFocus(5)</visible>
				<control type="radiobutton" id="6220">
					<label>$LOCALIZE[31172]</label>
					<include>DefaultSettingButton</include>
					<selected>Skin.HasSetting(OSDAutoClose)</selected>
					<onclick>Skin.ToggleSetting(OSDAutoClose)</onclick>
				</control>
				<control type="button" id="6221">
					<label>- $LOCALIZE[31173]</label>
					<label2>$VAR[SkinSettingOSDAutoCloseTime]</label2>
					<include>DefaultSettingButton</include>
					<onclick>Skin.SetNumeric(OSDAutoCloseTime)</onclick>
					<enable>Skin.HasSetting(OSDAutoClose)</enable>
				</control>
			</control>

			<!-- BEGINNING OF CHANGELOG -->
			
			<control type="grouplist" id="623">
				<top>133</top>
				<left>0</left>
				<right>0</right>
				<bottom>140</bottom>
				<onleft>9000</onleft>
				<onright>60</onright>
				<onup>623</onup>
				<pagecontrol>60</pagecontrol>
				<ondown>623</ondown>
				<visible>Container(9000).HasFocus(6)</visible>
				<control type="button" id="6230">
					<include>DefaultSettingButton</include>
					<label>[B]CHANGELOG: $INFO[System.AddonTitle(skin.fentastic)][/B]</label>
					<onclick>SetProperty(Changelog,True)</onclick>
					<onclick>SetProperty(TextViewerHeader,[B]CHANGELOG: $INFO[System.AddonTitle(skin.fentastic)] v$INFO[System.AddonVersion(skin.fentastic)][/B],Home)</onclick>
					<onclick>ActivateWindow(1119)</onclick>
				</control>
				<control type="button" id="6231">
					<include>DefaultSettingButton</include>
					<label>[B]Setup Guide[/B]</label>
					<onclick>SetProperty(SetupGuide,True)</onclick>
					<onclick>SetProperty(TextViewerHeader,[B]Setup Guide[/B],Home)</onclick>
					<onclick>ActivateWindow(1118)</onclick>
				</control>
				<control type="button" id="6232">
					<include>DefaultSettingButton</include>
					<label>[B]Tip:[/B] Crashes</label>
					<onclick>SetProperty(Tip-Crashes,True)</onclick>
					<onclick>SetProperty(TextViewerHeader,[B]Crashes[/B],Home)</onclick>
					<onclick>ActivateWindow(1120)</onclick>
				</control>
			</control>


			<control type="image">
				<description>Dialog Header image</description>
				<left>0</left>
				<top>130</top>
				<right>0</right>
				<height>3</height>
				<texture colordiffuse="button_focus" border="2">dialogs/separator-grey.png</texture>
			</control>
			<control type="image">
				<description>Dialog Header image</description>
				<left>0</left>
				<bottom>134</bottom>
				<right>0</right>
				<height>3</height>
				<texture colordiffuse="button_focus" border="2">dialogs/separator-grey.png</texture>
			</control>
		</control>
		<control type="group">
			<depth>DepthContentPanel</depth>
			<left>0</left>
			<include>OpenClose_Left</include>
			<include content="ContentPanel">
				<param name="width" value="530" />
			</include>
			<control type="list" id="9000">
				<description>button area</description>
				<left>0</left>
				<top>130</top>
				<width>470</width>
				<height>700</height>
				<onleft>10000</onleft>
				<onright>10000</onright>
				<onup>9000</onup>
				<ondown>9000</ondown>
				<itemlayout height="85" width="470">
					<control type="label">
						<textoffsetx>30</textoffsetx>
						<width>470</width>
						<height>85</height>
						<label>$INFO[ListItem.Label]</label>
						<font>font37</font>
						<aligny>center</aligny>
					</control>
				</itemlayout>
				<focusedlayout height="85" width="470">
					<control type="image">
						<width>470</width>
						<height>85</height>
						<texture colordiffuse="button_focus">lists/focus.png</texture>
						<animation effect="fade" start="100" end="50" time="40" condition="!Control.HasFocus(9000)">Conditional</animation>
					</control>
					<control type="label">
						<textoffsetx>30</textoffsetx>
						<width>470</width>
						<height>85</height>
						<font>font37</font>
						<aligny>center</aligny>
						<label>$INFO[ListItem.Label]</label>
					</control>
				</focusedlayout>
				<content>
					<item id="1">
						<label>$LOCALIZE[31061]</label>
						<onclick>noop</onclick>
					</item>
					<item id="2">
						<label>Options</label>
						<onclick>noop</onclick>
					</item>
					<item id="3">
						<label>$LOCALIZE[128]</label>
						<onclick>noop</onclick>
					</item>
					<item id="4">
						<label>$LOCALIZE[31159]</label>
						<onclick>noop</onclick>
					</item>
					<item id="5">
						<label>$LOCALIZE[31170]</label>
						<onclick>noop</onclick>
					</item>
					<item id="6">
						<label>Extra info</label>
						<onclick>noop</onclick>
					</item>
				</content>
			</control>
		</control>
		<control type="group">
			<right>0</right>
			<top>133</top>
			<bottom>137</bottom>
			<width>60</width>
			<control type="scrollbar" id="60">
				<right>0</right>
				<top>0</top>
				<bottom>0</bottom>
				<width>12</width>
				<orientation>vertical</orientation>
				<texturesliderbackground />
				<animation effect="slide" end="6,0" time="300" tween="sine" easing="inout" condition="!Control.HasFocus(60)">conditional</animation>
				<onleft>610</onleft>
				<onright>610</onright>
				<animation effect="fade" start="0" end="100" time="200" delay="300">Visible</animation>
				<animation effect="fade" start="100" end="0" time="200">Hidden</animation>
				<animation effect="fade" start="0" end="100" delay="300" time="320">WindowOpen</animation>
				<animation effect="fade" start="100" end="0" time="150">WindowClose</animation>
				<hitrect x="0" y="0" w="60" h="100%" />
				<visible>Control.IsVisible(610)</visible>
			</control>
		</control>
		<include content="TopBar">
			<param name="breadcrumbs_label" value="$LOCALIZE[5] » $LOCALIZE[20077]" />
		</include>
		<include>BottomBar</include>
		<control type="textbox" id="6">
			<include>OpenClose_Right</include>
			<description>description area</description>
			<left>510</left>
			<bottom>27</bottom>
			<width>1350</width>
			<height>100</height>
			<font>font12</font>
			<align>justify</align>
			<textcolor>button_focus</textcolor>
			<label>$VAR[SkinSettingsHelpTextVar]</label>
			<autoscroll time="3000" delay="5000" repeat="5000">true</autoscroll>
		</control>
	</controls>
</window>
