<?xml version="1.0" encoding="UTF-8" standalone="yes"?>
<addon id="repository.mikifp" name="Mikifp Repository" version="1.0" provider-name="mikifp">
    <extension point="xbmc.addon.repository" name="Example Repository">
        <dir>
            <info compressed="false">https://raw.githubusercontent.com/mikifp/repository.mikifp/master/repo/zips/addons.xml</info>
            <checksum>https://raw.githubusercontent.com/Mikifp/repository.mikifp/master/repo/zips/addons.xml.md5</checksum>
            <datadir zip="true">https://raw.githubusercontent.com/mikifp/repository.mikifp/master/repo/zips/</datadir>
        </dir>
    </extension>
    <extension point="xbmc.addon.metadata">
        <summary>Mikifp's Repository</summary>
        <description>My Kodi repository</description>
        <disclaimer></disclaimer>
        <platform>all</platform>
        <assets>
            <icon>icon.png</icon>
            <fanart>fanart.jpg</fanart>
        </assets>
    </extension>
</addon>