<?xml version="1.0" encoding="UTF-8" standalone="yes"?>
<addon id="repository.subskip" name="SubSkip Repository" version="1.0.0" provider-name="drinfernoo">
    <extension point="xbmc.addon.repository" name="SubSkip Repository">
        <dir>
            <info compressed="false">https://raw.githubusercontent.com/a4k-openproject/repository.subskip/master/repo/zips/addons.xml</info>
            <checksum>https://raw.githubusercontent.com/a4k-openproject/repository.subskip/master/repo/zips/addons.xml.md5</checksum>
            <datadir zip="true">https://raw.githubusercontent.com/a4k-openproject/repository.subskip/master/repo/zips/</datadir>
        </dir>
    </extension>
    <extension point="xbmc.addon.metadata">
        <summary>SubSkip Repository</summary>
        <description>Repository for SubSkip</description>
        <disclaimer></disclaimer>
        <platform>all</platform>
        <assets>
            <icon>icon.png</icon>
        </assets>
    </extension>
</addon>